{
  "wikitext2": {
    "n_episodes": 9,
    "baseline_ppl": 2.565654065873888,
    "pruned_ppl": 8.10967210928599,
    "baseline_time_s": 1.4570054743025038,
    "pruned_time_s": 1.3137864536709256,
    "speedup": 1.1090124047415786,
    "baseline_tok_s": 34.33233641335178,
    "pruned_tok_s": 39.00243818975042
  },
  "gsm8k": {
    "n_episodes": 7,
    "baseline_ppl": 1.8295599051884242,
    "pruned_ppl": 1431.2812142372131,
    "baseline_time_s": 1.4413837024143763,
    "pruned_time_s": 1.258152961730957,
    "speedup": 1.145634709178232,
    "baseline_tok_s": 34.70009274274717,
    "pruned_tok_s": 42.104859068086675
  },
  "boolq": {
    "n_episodes": 11,
    "baseline_ppl": 2.160466866059737,
    "pruned_ppl": 62.98489039594477,
    "baseline_time_s": 1.444948283108798,
    "pruned_time_s": 1.149976123463024,
    "speedup": 1.2565028556919067,
    "baseline_tok_s": 34.61579049630485,
    "pruned_tok_s": 45.343734104906915
  },
  "mmlu": {
    "n_episodes": 7,
    "baseline_ppl": 2.934505922453744,
    "pruned_ppl": 2.849043505532401,
    "baseline_time_s": 1.4636032581329346,
    "pruned_time_s": 1.2378058433532715,
    "speedup": 1.182417473622493,
    "baseline_tok_s": 34.213970345702805,
    "pruned_tok_s": 41.28450575508253
  },
  "mbpp": {
    "n_episodes": 6,
    "baseline_ppl": 1.6481383045514424,
    "pruned_ppl": 8.638935526212057,
    "baseline_time_s": 1.4249004125595093,
    "pruned_time_s": 1.2837532758712769,
    "speedup": 1.109948803513227,
    "baseline_tok_s": 35.09848764298865,
    "pruned_tok_s": 39.64254131877902
  }
}