{
  "n_episodes": 100,
  "avg_reward": 0.06872604923315864,
  "std_reward": 0.21644182826651065,
  "avg_ppl": 38.7467668684721,
  "avg_speedup_pct": 21.37735682223867,
  "avg_baseline_ppl": 2.2268271446228027,
  "tail20_reward": 0.028594217050349747,
  "tail20_ppl": 87.99308374643326,
  "tail20_speedup": 21.682732669152887
}