{
  "n_episodes": 50,
  "avg_reward": -0.011243563933344018,
  "std_reward": 0.4218295399059101,
  "avg_ppl": 270.95370894670486,
  "avg_speedup_pct": 12.678561064344272,
  "avg_baseline_ppl": 2.4806444096565246,
  "tail20_reward": -0.07723658206197681,
  "tail20_ppl": 638.8630388259887,
  "tail20_speedup": 7.447074797192765
}