{
  "n_episodes": 50,
  "avg_reward": 0.014386374228507227,
  "std_reward": 0.3821123326502341,
  "avg_ppl": 273.6586744642258,
  "avg_speedup_pct": 15.075746402286235,
  "avg_baseline_ppl": 2.4806444096565246,
  "tail20_reward": 0.0868802574754467,
  "tail20_ppl": 11.755132639408112,
  "tail20_speedup": 17.60660154127822
}