{
  "n_episodes": 100,
  "avg_reward": 0.059928554080546335,
  "std_reward": 0.2307211817452784,
  "avg_ppl": 17.099100504398345,
  "avg_speedup_pct": 24.649317657045113,
  "avg_baseline_ppl": 2.2268271446228027,
  "tail20_reward": 0.003684999411537683,
  "tail20_ppl": 22.554935348033905,
  "tail20_speedup": 23.667291267278657
}
