{
  "0.5_0.1": {
    "alpha": 0.5,
    "beta": 0.1,
    "n_episodes": 100,
    "avg_reward": 0.009234284855502818,
    "std_reward": 0.15261347968882957,
    "avg_ppl": 65.43809498906136,
    "avg_speedup_pct": 23.948410053649482,
    "avg_baseline_ppl": 2.2268271446228027,
    "tail20_reward": 0.004757103522864809,
    "tail20_ppl": 116.8830108821392,
    "tail20_speedup": 26.77729962747282
  },
  "0.5_0.2": {
    "alpha": 0.5,
    "beta": 0.2,
    "n_episodes": 100,
    "avg_reward": -0.09129154001841643,
    "std_reward": 0.29998392509242977,
    "avg_ppl": 222.29345939159393,
    "avg_speedup_pct": 22.65053818219269,
    "avg_baseline_ppl": 2.2268271446228027,
    "tail20_reward": -0.07012898830963091,
    "tail20_ppl": 488.5696015357971,
    "tail20_speedup": 21.567709113893336
  },
  "0.5_0.3": {
    "alpha": 0.5,
    "beta": 0.3,
    "n_episodes": 100,
    "avg_reward": -0.15673860758404787,
    "std_reward": 0.3758510898518053,
    "avg_ppl": 97.71694226264954,
    "avg_speedup_pct": 22.89749537842962,
    "avg_baseline_ppl": 2.2268271446228027,
    "tail20_reward": -0.19036756567503826,
    "tail20_ppl": 396.4981608331203,
    "tail20_speedup": 21.855419596233485
  },
  "0.5_0.4": {
    "alpha": 0.5,
    "beta": 0.4,
    "n_episodes": 100,
    "avg_reward": -0.22908987360741803,
    "std_reward": 0.4584651699763973,
    "avg_ppl": 84.55859896302223,
    "avg_speedup_pct": 23.348366456006087,
    "avg_baseline_ppl": 2.2268271446228027,
    "tail20_reward": -0.2059987147775554,
    "tail20_ppl": 330.7599069416523,
    "tail20_speedup": 25.427310491043524
  },
  "0.5_0.5": {
    "alpha": 0.5,
    "beta": 0.5,
    "n_episodes": 100,
    "avg_reward": -0.3066204526957189,
    "std_reward": 0.5470312167069418,
    "avg_ppl": 160.1041356909275,
    "avg_speedup_pct": 23.268068138151403,
    "avg_baseline_ppl": 2.2268271446228027,
    "tail20_reward": -0.355132373490671,
    "tail20_ppl": 219.68844619989395,
    "tail20_speedup": 22.92434637233203
  },
  "0.6_0.1": {
    "alpha": 0.6,
    "beta": 0.1,
    "n_episodes": 100,
    "avg_reward": 0.022060532039840847,
    "std_reward": 0.17627261811536754,
    "avg_ppl": 264.5888986670971,
    "avg_speedup_pct": 24.321418088177083,
    "avg_baseline_ppl": 2.2268271446228027,
    "tail20_reward": -0.02983152262572995,
    "tail20_ppl": 667.1943877696991,
    "tail20_speedup": 24.236375503862515
  },
  "0.6_0.2": {
    "alpha": 0.6,
    "beta": 0.2,
    "n_episodes": 100,
    "avg_reward": -0.053816705364551055,
    "std_reward": 0.267097959948548,
    "avg_ppl": 124.74716769576072,
    "avg_speedup_pct": 24.453670592485096,
    "avg_baseline_ppl": 2.2268271446228027,
    "tail20_reward": -0.11469447766469454,
    "tail20_ppl": 507.80235090851784,
    "tail20_speedup": 26.05111353421608
  },
  "0.6_0.3": {
    "alpha": 0.6,
    "beta": 0.3,
    "n_episodes": 100,
    "avg_reward": -0.14810565415140872,
    "std_reward": 0.4072957213213823,
    "avg_ppl": 164.04338258504868,
    "avg_speedup_pct": 23.2961058269364,
    "avg_baseline_ppl": 2.2268271446228027,
    "tail20_reward": -0.16873192421793737,
    "tail20_ppl": 222.39312437176704,
    "tail20_speedup": 21.785348075066842
  },
  "0.6_0.4": {
    "alpha": 0.6,
    "beta": 0.4,
    "n_episodes": 100,
    "avg_reward": -0.22006801329900746,
    "std_reward": 0.4952919521908847,
    "avg_ppl": 65.23627851963043,
    "avg_speedup_pct": 23.8876879215191,
    "avg_baseline_ppl": 2.2268271446228027,
    "tail20_reward": -0.3300165109316048,
    "tail20_ppl": 244.28961371183397,
    "tail20_speedup": 27.142614245616944
  },
  "0.6_0.5": {
    "alpha": 0.6,
    "beta": 0.5,
    "n_episodes": 100,
    "avg_reward": -0.288135339252281,
    "std_reward": 0.554690367667135,
    "avg_ppl": 125.79619862318039,
    "avg_speedup_pct": 22.259271243268994,
    "avg_baseline_ppl": 2.2268271446228027,
    "tail20_reward": -0.32330145068744376,
    "tail20_ppl": 538.162038230896,
    "tail20_speedup": 25.650877137915337
  },
  "0.7_0.1": {
    "alpha": 0.7,
    "beta": 0.1,
    "n_episodes": 100,
    "avg_reward": 0.06286063670888396,
    "std_reward": 0.18007593251739978,
    "avg_ppl": 87.34042209267616,
    "avg_speedup_pct": 24.990011401272238,
    "avg_baseline_ppl": 2.2268271446228027,
    "tail20_reward": 0.03534035703569751,
    "tail20_ppl": 281.1290458858013,
    "tail20_speedup": 26.871676681888722
  },
  "0.7_0.2": {
    "alpha": 0.7,
    "beta": 0.2,
    "n_episodes": 100,
    "avg_reward": -0.026952936130808382,
    "std_reward": 0.28084393206320224,
    "avg_ppl": 121.69524148344993,
    "avg_speedup_pct": 25.04271470876928,
    "avg_baseline_ppl": 2.2268271446228027,
    "tail20_reward": -0.0250307069479949,
    "tail20_ppl": 504.3519080758095,
    "tail20_speedup": 27.24813242587307
  },
  "0.7_0.3": {
    "alpha": 0.7,
    "beta": 0.3,
    "n_episodes": 100,
    "avg_reward": -0.1344755956774292,
    "std_reward": 0.42578476057506154,
    "avg_ppl": 224.32214706063272,
    "avg_speedup_pct": 23.2753627230625,
    "avg_baseline_ppl": 2.2268271446228027,
    "tail20_reward": -0.07964934575104204,
    "tail20_ppl": 8.552801990509034,
    "tail20_speedup": 19.565133035771606
  },
  "0.7_0.4": {
    "alpha": 0.7,
    "beta": 0.4,
    "n_episodes": 100,
    "avg_reward": -0.22395335288239276,
    "std_reward": 0.5518153392986378,
    "avg_ppl": 121.86641738176345,
    "avg_speedup_pct": 24.11559654113387,
    "avg_baseline_ppl": 2.2268271446228027,
    "tail20_reward": -0.31999629410068475,
    "tail20_ppl": 505.89554089307785,
    "tail20_speedup": 24.3766910144847
  },
  "0.7_0.5": {
    "alpha": 0.7,
    "beta": 0.5,
    "n_episodes": 100,
    "avg_reward": -0.292024666276581,
    "std_reward": 0.6073092519855889,
    "avg_ppl": 180.57849875569343,
    "avg_speedup_pct": 23.849536640098712,
    "avg_baseline_ppl": 2.2268271446228027,
    "tail20_reward": -0.2662079150065789,
    "tail20_ppl": 293.67494519352914,
    "tail20_speedup": 23.641756356851744
  },
  "0.8_0.1": {
    "alpha": 0.8,
    "beta": 0.1,
    "n_episodes": 100,
    "avg_reward": 0.08421767184872808,
    "std_reward": 0.2069331312025438,
    "avg_ppl": 102.49723930835724,
    "avg_speedup_pct": 25.64348201912404,
    "avg_baseline_ppl": 2.2268271446228027,
    "tail20_reward": 0.06261368247847185,
    "tail20_ppl": 266.6773918628693,
    "tail20_speedup": 29.201985732809977
  },
  "0.8_0.2": {
    "alpha": 0.8,
    "beta": 0.2,
    "n_episodes": 100,
    "avg_reward": 0.029205688078349303,
    "std_reward": 0.2736802918316575,
    "avg_ppl": 110.79811160087586,
    "avg_speedup_pct": 25.55401050062279,
    "avg_baseline_ppl": 2.2268271446228027,
    "tail20_reward": 0.04550923385713518,
    "tail20_ppl": 487.88586131334307,
    "tail20_speedup": 28.581766987181048
  },
  "0.8_0.3": {
    "alpha": 0.8,
    "beta": 0.3,
    "n_episodes": 100,
    "avg_reward": -0.09385042842198986,
    "std_reward": 0.45225681217979175,
    "avg_ppl": 295.6474504613876,
    "avg_speedup_pct": 24.18318264683328,
    "avg_baseline_ppl": 2.2268271446228027,
    "tail20_reward": -0.09106420288142078,
    "tail20_ppl": 397.1978395342827,
    "tail20_speedup": 23.689897095820054
  },
  "0.8_0.4": {
    "alpha": 0.8,
    "beta": 0.4,
    "n_episodes": 100,
    "avg_reward": -0.20593638065908518,
    "std_reward": 0.5377224290085425,
    "avg_ppl": 50.00149151444435,
    "avg_speedup_pct": 24.644111279467737,
    "avg_baseline_ppl": 2.2268271446228027,
    "tail20_reward": -0.14107412479064407,
    "tail20_ppl": 103.37650183439254,
    "tail20_speedup": 27.164914422860715
  },
  "0.8_0.5": {
    "alpha": 0.8,
    "beta": 0.5,
    "n_episodes": 100,
    "avg_reward": -0.26032493485923835,
    "std_reward": 0.5656368716925649,
    "avg_ppl": 77.9401445221901,
    "avg_speedup_pct": 24.706851523233926,
    "avg_baseline_ppl": 2.2268271446228027,
    "tail20_reward": -0.30095861279588526,
    "tail20_ppl": 294.9816471338272,
    "tail20_speedup": 27.44958799999598
  },
  "0.9_0.1": {
    "alpha": 0.9,
    "beta": 0.1,