{
  "0.5_0.5": {
    "alpha": 0.5,
    "beta": 0.5,
    "n_episodes": 200,
    "avg_reward": -0.21044140475552975,
    "std_reward": 0.4556566622827334,
    "avg_ppl": 139.79211195707322,
    "avg_speedup_pct": 19.33803351345796,
    "avg_baseline_ppl": 2.2581109833717345,
    "tail20_reward": -0.12302083012401595,
    "tail20_ppl": 502.4859168946743,
    "tail20_speedup": 10.036771158102985
  },
  "0.6_0.4": {
    "alpha": 0.6,
    "beta": 0.4,
    "n_episodes": 200,
    "avg_reward": -0.18288864249741543,
    "std_reward": 0.4343356959226911,
    "avg_ppl": 87.08096820533275,
    "avg_speedup_pct": 20.641225869449478,
    "avg_baseline_ppl": 2.2581109833717345,
    "tail20_reward": -0.03268234015023222,
    "tail20_ppl": 2.4996904850006105,
    "tail20_speedup": 15.206025494504392
  },
  "0.7_0.3": {
    "alpha": 0.7,
    "beta": 0.3,
    "n_episodes": 200,
    "avg_reward": -0.15814915952347683,
    "std_reward": 0.42046163635960426,
    "avg_ppl": 78.86159691393375,
    "avg_speedup_pct": 20.071802290596924,
    "avg_baseline_ppl": 2.2581109833717345,
    "tail20_reward": -0.06276503391227913,
    "tail20_ppl": 2.7924496591091157,
    "tail20_speedup": 9.614569045657525
  },
  "0.8_0.2": {
    "alpha": 0.8,
    "beta": 0.2,
    "n_episodes": 200,
    "avg_reward": -0.13336712640916754,
    "std_reward": 0.42918960870930734,
    "avg_ppl": 103.49456458449363,
    "avg_speedup_pct": 23.64332057941083,
    "avg_baseline_ppl": 2.2581109833717345,
    "tail20_reward": -0.07799236095297893,
    "tail20_ppl": 5.07826926112175,
    "tail20_speedup": 18.037665034180677
  },
  "0.9_0.1": {
    "alpha": 0.9,
    "beta": 0.1,
    "n_episodes": 200,
    "avg_reward": -0.015085326564417577,
    "std_reward": 0.4229419018582259,
    "avg_ppl": 211.69885020077228,
    "avg_speedup_pct": 27.372279023862667,
    "avg_baseline_ppl": 2.2581109833717345,
    "tail20_reward": 0.015641344786581957,
    "tail20_ppl": 124.44381942152977,
    "tail20_speedup": 30.748044198058558
  }
}