{
  "n_episodes": 100,
  "avg_reward": 0.05141928223439525,
  "std_reward": 0.22854144536157378,
  "avg_ppl": 54.06359476399422,
  "avg_speedup_pct": 20.959305978986873,
  "avg_baseline_ppl": 2.2268271446228027,
  "tail20_reward": -0.018579631998046443,
  "tail20_ppl": 90.52669167160988,
  "tail20_speedup": 16.633289248870035
}