{
  "n_episodes": 50,
  "avg_reward": -0.06255810692693325,
  "std_reward": 0.5040218204825169,
  "avg_ppl": 611.2347211241722,
  "avg_speedup_pct": 9.514266263289871,
  "avg_baseline_ppl": 2.4806444096565246,
  "tail20_reward": -0.10063731445088105,
  "tail20_ppl": 483.0058050692081,
  "tail20_speedup": 2.0407623393167915
}