{
  "n_episodes": 50,
  "avg_reward": 0.1192437191619918,
  "std_reward": 0.3124739358138493,
  "avg_ppl": 141.65482027053832,
  "avg_speedup_pct": 24.65249034485148,
  "avg_baseline_ppl": 2.4806444096565246,
  "tail20_reward": 0.09789959238881044,
  "tail20_ppl": 81.86578568220139,
  "tail20_speedup": 22.96751578595507
}