{
  "n_episodes": 100,
  "avg_reward": 0.057441507900433085,
  "std_reward": 0.19957466822219955,
  "avg_ppl": 152.03842914819717,
  "avg_speedup_pct": 18.122466835496365,
  "avg_baseline_ppl": 2.2268271446228027,
  "tail20_reward": -0.03406426458186289,
  "tail20_ppl": 17.495351314544678,
  "tail20_speedup": 4.786109882151951
}